nationbuilder_id,first_name,last_name,email,mobile_number,primary_address1,primary_address2,primary_city,primary_zip,gender,age_bracket,geo_bucket,edu_level
p0,first_name0,last_name0,email0,mobile_number0,primary_address10,primary_address20,primary_city0,primary_zip0,Male,30-44,South Scotland,Level 4 and above
p1,first_name1,last_name1,email1,mobile_number1,primary_address11,primary_address21,primary_city1,primary_zip1,Female,16-29,Lothian,Level 1
p2,first_name2,last_name2,email2,mobile_number2,primary_address12,primary_address22,primary_city2,primary_zip2,Female,45-59,West Scotland,Level 2 or 3
p3,first_name3,last_name3,email3,mobile_number3,primary_address13,primary_address23,primary_city3,primary_zip3,Male,30-44,Glasgow,Level 4 and above
p4,first_name4,last_name4,email4,mobile_number4,primary_address14,primary_address24,primary_city4,primary_zip4,Female,45-59,South Scotland,Level 1
p5,first_name5,last_name5,email5,mobile_number5,primary_address15,primary_address25,primary_city5,primary_zip5,Male,16-29,Mid Scotland and Fife,Level 2 or 3
p6,first_name6,last_name6,email6,mobile_number6,primary_address16,primary_address26,primary_city6,primary_zip6,Female,30-44,Lothian,Level 1
p7,first_name7,last_name7,email7,mobile_number7,primary_address17,primary_address27,primary_city7,primary_zip7,Male,30-44,Mid Scotland and Fife,Level 4 and above
p8,first_name8,last_name8,email8,mobile_number8,primary_address18,primary_address28,primary_city8,primary_zip8,Female,45-59,Mid Scotland and Fife,Level 1
p9,first_name9,last_name9,email9,mobile_number9,primary_address19,primary_address29,primary_city9,primary_zip9,Male,60+,North East Scotland,Level 1
p10,first_name10,last_name10,email10,mobile_number10,primary_address110,primary_address210,primary_city10,primary_zip10,Male,45-59,Mid Scotland and Fife,Level 4 and above
p11,first_name11,last_name11,email11,mobile_number11,primary_address111,primary_address211,primary_city11,primary_zip11,Male,16-29,Central Scotland,Level 2 or 3
p12,first_name12,last_name12,email12,mobile_number12,primary_address112,primary_address212,primary_city12,primary_zip12,Male,45-59,Mid Scotland and Fife,No qualifications
p13,first_name13,last_name13,email13,mobile_number13,primary_address113,primary_address213,primary_city13,primary_zip13,Male,16-29,Highlands and Islands,No qualifications
p14,first_name14,last_name14,email14,mobile_number14,primary_address114,primary_address214,primary_city14,primary_zip14,Female,60+,Lothian,Level 1
p15,first_name15,last_name15,email15,mobile_number15,primary_address115,primary_address215,primary_city15,primary_zip15,Female,45-59,Mid Scotland and Fife,Level 1
p16,first_name16,last_name16,email16,mobile_number16,primary_address116,primary_address216,primary_city16,primary_zip16,Male,16-29,North East Scotland,Level 1
p17,first_name17,last_name17,email17,mobile_number17,primary_address117,primary_address217,primary_city17,primary_zip17,Female,45-59,Lothian,No qualifications
p18,first_name18,last_name18,email18,mobile_number18,primary_address118,primary_address218,primary_city18,primary_zip18,Female,45-59,Mid Scotland and Fife,Level 2 or 3
p19,first_name19,last_name19,email19,mobile_number19,primary_address119,primary_address219,primary_city19,primary_zip19,Female,16-29,Glasgow,Level 4 and above
p20,first_name20,last_name20,email20,mobile_number20,primary_address120,primary_address220,primary_city20,primary_zip20,Male,60+,Highlands and Islands,No qualifications
p21,first_name21,last_name21,email21,mobile_number21,primary_address121,primary_address221,primary_city21,primary_zip21,Female,30-44,West Scotland,Level 2 or 3
p22,first_name22,last_name22,email22,mobile_number22,primary_address122,primary_address222,primary_city22,primary_zip22,Female,16-29,North East Scotland,Level 2 or 3
p23,first_name23,last_name23,email23,mobile_number23,primary_address123,primary_address223,primary_city23,primary_zip23,Female,16-29,Highlands and Islands,Level 1
p24,first_name24,last_name24,email24,mobile_number24,primary_address124,primary_address224,primary_city24,primary_zip24,Male,30-44,Glasgow,Level 4 and above
p25,first_name25,last_name25,email25,mobile_number25,primary_address125,primary_address225,primary_city25,primary_zip25,Female,45-59,Highlands and Islands,No qualifications
p26,first_name26,last_name26,email26,mobile_number26,primary_address126,primary_address226,primary_city26,primary_zip26,Male,45-59,South Scotland,Level 4 and above
p27,first_name27,last_name27,email27,mobile_number27,primary_address127,primary_address227,primary_city27,primary_zip27,Male,16-29,Glasgow,Level 4 and above
p28,first_name28,last_name28,email28,mobile_number28,primary_address128,primary_address228,primary_city28,primary_zip28,Male,16-29,Mid Scotland and Fife,No qualifications
p29,first_name29,last_name29,email29,mobile_number29,primary_address129,primary_address229,primary_city29,primary_zip29,Male,60+,North East Scotland,Level 4 and above
p30,first_name30,last_name30,email30,mobile_number30,primary_address130,primary_address230,primary_city30,primary_zip30,Female,60+,North East Scotland,Level 1
p31,first_name31,last_name31,email31,mobile_number31,primary_address131,primary_address231,primary_city31,primary_zip31,Female,60+,Glasgow,Level 4 and above
p32,first_name32,last_name32,email32,mobile_number32,primary_address132,primary_address232,primary_city32,primary_zip32,Male,60+,Highlands and Islands,Level 4 and above
p33,first_name33,last_name33,email33,mobile_number33,primary_address133,primary_address233,primary_city33,primary_zip33,Male,16-29,West Scotland,Level 2 or 3
p34,first_name34,last_name34,email34,mobile_number34,primary_address134,primary_address234,primary_city34,primary_zip34,Male,60+,Mid Scotland and Fife,No qualifications
p35,first_name35,last_name35,email35,mobile_number35,primary_address135,primary_address235,primary_city35,primary_zip35,Female,60+,North East Scotland,Level 4 and above
p36,first_name36,last_name36,email36,mobile_number36,primary_address136,primary_address236,primary_city36,primary_zip36,Male,60+,North East Scotland,Level 1
p37,first_name37,last_name37,email37,mobile_number37,primary_address137,primary_address237,primary_city37,primary_zip37,Male,30-44,Mid Scotland and Fife,No qualifications
p38,first_name38,last_name38,email38,mobile_number38,primary_address138,primary_address238,primary_city38,primary_zip38,Female,60+,South Scotland,Level 1
p39,first_name39,last_name39,email39,mobile_number39,primary_address139,primary_address239,primary_city39,primary_zip39,Female,45-59,Highlands and Islands,Level 1
p40,first_name40,last_name40,email40,mobile_number40,primary_address140,primary_address240,primary_city40,primary_zip40,Male,16-29,Highlands and Islands,Level 1
p41,first_name41,last_name41,email41,mobile_number41,primary_address141,primary_address241,primary_city41,primary_zip41,Male,16-29,Highlands and Islands,No qualifications
p42,first_name42,last_name42,email42,mobile_number42,primary_address142,primary_address242,primary_city42,primary_zip42,Female,45-59,Highlands and Islands,Level 1
p43,first_name43,last_name43,email43,mobile_number43,primary_address143,primary_address243,primary_city43,primary_zip43,Male,60+,Mid Scotland and Fife,No qualifications
p44,first_name44,last_name44,email44,mobile_number44,primary_address144,primary_address244,primary_city44,primary_zip44,Male,16-29,Lothian,Level 1
p45,first_name45,last_name45,email45,mobile_number45,primary_address145,primary_address245,primary_city45,primary_zip45,Female,60+,West Scotland,No qualifications
p46,first_name46,last_name46,email46,mobile_number46,primary_address146,primary_address246,primary_city46,primary_zip46,Female,60+,Mid Scotland and Fife,No qualifications
p47,first_name47,last_name47,email47,mobile_number47,primary_address147,primary_address247,primary_city47,primary_zip47,Female,45-59,South Scotland,No qualifications
p48,first_name48,last_name48,email48,mobile_number48,primary_address148,primary_address248,primary_city48,primary_zip48,Female,16-29,South Scotland,No qualifications
p49,first_name49,last_name49,email49,mobile_number49,primary_address149,primary_address249,primary_city49,primary_zip49,Female,30-44,Mid Scotland and Fife,No qualifications
p50,first_name50,last_name50,email50,mobile_number50,primary_address150,primary_address250,primary_city50,primary_zip50,Male,60+,Mid Scotland and Fife,No qualifications
p51,first_name51,last_name51,email51,mobile_number51,primary_address151,primary_address251,primary_city51,primary_zip51,Male,60+,Mid Scotland and Fife,Level 2 or 3
p52,first_name52,last_name52,email52,mobile_number52,primary_address152,primary_address252,primary_city52,primary_zip52,Female,30-44,Central Scotland,Level 2 or 3
p53,first_name53,last_name53,email53,mobile_number53,primary_address153,primary_address253,primary_city53,primary_zip53,Female,60+,North East Scotland,Level 4 and above
p54,first_name54,last_name54,email54,mobile_number54,primary_address154,primary_address254,primary_city54,primary_zip54,Male,60+,Highlands and Islands,Level 1
p55,first_name55,last_name55,email55,mobile_number55,primary_address155,primary_address255,primary_city55,primary_zip55,Male,16-29,Highlands and Islands,Level 2 or 3
p56,first_name56,last_name56,email56,mobile_number56,primary_address156,primary_address256,primary_city56,primary_zip56,Male,16-29,West Scotland,No qualifications
p57,first_name57,last_name57,email57,mobile_number57,primary_address157,primary_address257,primary_city57,primary_zip57,Female,60+,Highlands and Islands,Level 2 or 3
p58,first_name58,last_name58,email58,mobile_number58,primary_address158,primary_address258,primary_city58,primary_zip58,Male,45-59,West Scotland,Level 2 or 3
p59,first_name59,last_name59,email59,mobile_number59,primary_address159,primary_address259,primary_city59,primary_zip59,Male,16-29,West Scotland,No qualifications
p60,first_name60,last_name60,email60,mobile_number60,primary_address160,primary_address260,primary_city60,primary_zip60,Male,16-29,North East Scotland,Level 4 and above
p61,first_name61,last_name61,email61,mobile_number61,primary_address161,primary_address261,primary_city61,primary_zip61,Male,16-29,Highlands and Islands,No qualifications
p62,first_name62,last_name62,email62,mobile_number62,primary_address162,primary_address262,primary_city62,primary_zip62,Male,16-29,Highlands and Islands,Level 2 or 3
p63,first_name63,last_name63,email63,mobile_number63,primary_address163,primary_address263,primary_city63,primary_zip63,Male,45-59,South Scotland,No qualifications
p64,first_name64,last_name64,email64,mobile_number64,primary_address164,primary_address264,primary_city64,primary_zip64,Female,45-59,South Scotland,No qualifications
p65,first_name65,last_name65,email65,mobile_number65,primary_address165,primary_address265,primary_city65,primary_zip65,Male,30-44,Central Scotland,Level 4 and above
p66,first_name66,last_name66,email66,mobile_number66,primary_address166,primary_address266,primary_city66,primary_zip66,Female,30-44,South Scotland,No qualifications
p67,first_name67,last_name67,email67,mobile_number67,primary_address167,primary_address267,primary_city67,primary_zip67,Male,45-59,Mid Scotland and Fife,Level 4 and above
p68,first_name68,last_name68,email68,mobile_number68,primary_address168,primary_address268,primary_city68,primary_zip68,Female,60+,Mid Scotland and Fife,No qualifications
p69,first_name69,last_name69,email69,mobile_number69,primary_address169,primary_address269,primary_city69,primary_zip69,Male,16-29,South Scotland,Level 4 and above
p70,first_name70,last_name70,email70,mobile_number70,primary_address170,primary_address270,primary_city70,primary_zip70,Male,45-59,Lothian,Level 2 or 3
p71,first_name71,last_name71,email71,mobile_number71,primary_address171,primary_address271,primary_city71,primary_zip71,Male,30-44,Highlands and Islands,No qualifications
p72,first_name72,last_name72,email72,mobile_number72,primary_address172,primary_address272,primary_city72,primary_zip72,Male,60+,West Scotland,Level 4 and above
p73,first_name73,last_name73,email73,mobile_number73,primary_address173,primary_address273,primary_city73,primary_zip73,Male,60+,Mid Scotland and Fife,Level 1
p74,first_name74,last_name74,email74,mobile_number74,primary_address174,primary_address274,primary_city74,primary_zip74,Male,45-59,West Scotland,Level 1
p75,first_name75,last_name75,email75,mobile_number75,primary_address175,primary_address275,primary_city75,primary_zip75,Female,30-44,Central Scotland,Level 4 and above
p76,first_name76,last_name76,email76,mobile_number76,primary_address176,primary_address276,primary_city76,primary_zip76,Male,16-29,Central Scotland,Level 2 or 3
p77,first_name77,last_name77,email77,mobile_number77,primary_address177,primary_address277,primary_city77,primary_zip77,Female,60+,West Scotland,Level 2 or 3
p78,first_name78,last_name78,email78,mobile_number78,primary_address178,primary_address278,primary_city78,primary_zip78,Female,45-59,Mid Scotland and Fife,Level 4 and above
p79,first_name79,last_name79,email79,mobile_number79,primary_address179,primary_address279,primary_city79,primary_zip79,Male,30-44,Highlands and Islands,Level 1
p80,first_name80,last_name80,email80,mobile_number80,primary_address180,primary_address280,primary_city80,primary_zip80,Male,30-44,West Scotland,No qualifications
p81,first_name81,last_name81,email81,mobile_number81,primary_address181,primary_address281,primary_city81,primary_zip81,Male,30-44,Central Scotland,No qualifications
p82,first_name82,last_name82,email82,mobile_number82,primary_address182,primary_address282,primary_city82,primary_zip82,Female,16-29,Glasgow,Level 2 or 3
p83,first_name83,last_name83,email83,mobile_number83,primary_address183,primary_address283,primary_city83,primary_zip83,Male,16-29,Mid Scotland and Fife,Level 1
p84,first_name84,last_name84,email84,mobile_number84,primary_address184,primary_address284,primary_city84,primary_zip84,Female,45-59,Glasgow,Level 1
p85,first_name85,last_name85,email85,mobile_number85,primary_address185,primary_address285,primary_city85,primary_zip85,Female,45-59,Lothian,Level 4 and above
p86,first_name86,last_name86,email86,mobile_number86,primary_address186,primary_address286,primary_city86,primary_zip86,Female,60+,Glasgow,Level 1
p87,first_name87,last_name87,email87,mobile_number87,primary_address187,primary_address287,primary_city87,primary_zip87,Male,45-59,Glasgow,Level 1
p88,first_name88,last_name88,email88,mobile_number88,primary_address188,primary_address288,primary_city88,primary_zip88,Female,45-59,Lothian,No qualifications
p89,first_name89,last_name89,email89,mobile_number89,primary_address189,primary_address289,primary_city89,primary_zip89,Female,30-44,West Scotland,Level 1
p90,first_name90,last_name90,email90,mobile_number90,primary_address190,primary_address290,primary_city90,primary_zip90,Male,60+,Central Scotland,No qualifications
p91,first_name91,last_name91,email91,mobile_number91,primary_address191,primary_address291,primary_city91,primary_zip91,Male,30-44,Highlands and Islands,Level 4 and above
p92,first_name92,last_name92,email92,mobile_number92,primary_address192,primary_address292,primary_city92,primary_zip92,Male,45-59,South Scotland,Level 1
p93,first_name93,last_name93,email93,mobile_number93,primary_address193,primary_address293,primary_city93,primary_zip93,Female,45-59,North East Scotland,Level 1
p94,first_name94,last_name94,email94,mobile_number94,primary_address194,primary_address294,primary_city94,primary_zip94,Male,16-29,West Scotland,Level 2 or 3
p95,first_name95,last_name95,email95,mobile_number95,primary_address195,primary_address295,primary_city95,primary_zip95,Female,30-44,Lothian,No qualifications
p96,first_name96,last_name96,email96,mobile_number96,primary_address196,primary_address296,primary_city96,primary_zip96,Male,45-59,Lothian,No qualifications
p97,first_name97,last_name97,email97,mobile_number97,primary_address197,primary_address297,primary_city97,primary_zip97,Male,16-29,Mid Scotland and Fife,Level 1
p98,first_name98,last_name98,email98,mobile_number98,primary_address198,primary_address298,primary_city98,primary_zip98,Male,16-29,Glasgow,Level 1
p99,first_name99,last_name99,email99,mobile_number99,primary_address199,primary_address299,primary_city99,primary_zip99,Female,16-29,Lothian,Level 4 and above
p100,first_name100,last_name100,email100,mobile_number100,primary_address1100,primary_address2100,primary_city100,primary_zip100,Male,60+,Glasgow,Level 1
p101,first_name101,last_name101,email101,mobile_number101,primary_address1101,primary_address2101,primary_city101,primary_zip101,Female,60+,Highlands and Islands,Level 4 and above
p102,first_name102,last_name102,email102,mobile_number102,primary_address1102,primary_address2102,primary_city102,primary_zip102,Female,60+,Glasgow,No qualifications
p103,first_name103,last_name103,email103,mobile_number103,primary_address1103,primary_address2103,primary_city103,primary_zip103,Female,16-29,North East Scotland,Level 4 and above
p104,first_name104,last_name104,email104,mobile_number104,primary_address1104,primary_address2104,primary_city104,primary_zip104,Male,60+,South Scotland,No qualifications
p105,first_name105,last_name105,email105,mobile_number105,primary_address1105,primary_address2105,primary_city105,primary_zip105,Female,30-44,Central Scotland,Level 1
p106,first_name106,last_name106,email106,mobile_number106,primary_address1106,primary_address2106,primary_city106,primary_zip106,Female,45-59,Highlands and Islands,Level 4 and above
p107,first_name107,last_name107,email107,mobile_number107,primary_address1107,primary_address2107,primary_city107,primary_zip107,Female,45-59,West Scotland,Level 4 and above
p108,first_name108,last_name108,email108,mobile_number108,primary_address1108,primary_address2108,primary_city108,primary_zip108,Female,30-44,West Scotland,Level 2 or 3
p109,first_name109,last_name109,email109,mobile_number109,primary_address1109,primary_address2109,primary_city109,primary_zip109,Male,60+,Central Scotland,Level 4 and above
p110,first_name110,last_name110,email110,mobile_number110,primary_address1110,primary_address2110,primary_city110,primary_zip110,Male,30-44,North East Scotland,No qualifications
p111,first_name111,last_name111,email111,mobile_number111,primary_address1111,primary_address2111,primary_city111,primary_zip111,Female,60+,Lothian,Level 2 or 3
p112,first_name112,last_name112,email112,mobile_number112,primary_address1112,primary_address2112,primary_city112,primary_zip112,Male,16-29,Mid Scotland and Fife,Level 4 and above
p113,first_name113,last_name113,email113,mobile_number113,primary_address1113,primary_address2113,primary_city113,primary_zip113,Female,16-29,Mid Scotland and Fife,Level 1
p114,first_name114,last_name114,email114,mobile_number114,primary_address1114,primary_address2114,primary_city114,primary_zip114,Female,30-44,Glasgow,No qualifications
p115,first_name115,last_name115,email115,mobile_number115,primary_address1115,primary_address2115,primary_city115,primary_zip115,Male,16-29,Lothian,Level 4 and above
p116,first_name116,last_name116,email116,mobile_number116,primary_address1116,primary_address2116,primary_city116,primary_zip116,Female,60+,North East Scotland,Level 4 and above
p117,first_name117,last_name117,email117,mobile_number117,primary_address1117,primary_address2117,primary_city117,primary_zip117,Female,60+,West Scotland,Level 4 and above
p118,first_name118,last_name118,email118,mobile_number118,primary_address1118,primary_address2118,primary_city118,primary_zip118,Male,16-29,Central Scotland,Level 2 or 3
p119,first_name119,last_name119,email119,mobile_number119,primary_address1119,primary_address2119,primary_city119,primary_zip119,Male,60+,North East Scotland,Level 4 and above
p120,first_name120,last_name120,email120,mobile_number120,primary_address1120,primary_address2120,primary_city120,primary_zip120,Male,30-44,Lothian,Level 4 and above
p121,first_name121,last_name121,email121,mobile_number121,primary_address1121,primary_address2121,primary_city121,primary_zip121,Female,60+,Glasgow,Level 1
p122,first_name122,last_name122,email122,mobile_number122,primary_address1122,primary_address2122,primary_city122,primary_zip122,Female,30-44,Mid Scotland and Fife,Level 4 and above
p123,first_name123,last_name123,email123,mobile_number123,primary_address1123,primary_address2123,primary_city123,primary_zip123,Female,45-59,North East Scotland,Level 4 and above
p124,first_name124,last_name124,email124,mobile_number124,primary_address1124,primary_address2124,primary_city124,primary_zip124,Male,30-44,Mid Scotland and Fife,Level 4 and above
p125,first_name125,last_name125,email125,mobile_number125,primary_address1125,primary_address2125,primary_city125,primary_zip125,Female,45-59,Highlands and Islands,Level 1
p126,first_name126,last_name126,email126,mobile_number126,primary_address1126,primary_address2126,primary_city126,primary_zip126,Female,30-44,South Scotland,Level 1
p127,first_name127,last_name127,email127,mobile_number127,primary_address1127,primary_address2127,primary_city127,primary_zip127,Female,16-29,Lothian,Level 2 or 3
p128,first_name128,last_name128,email128,mobile_number128,primary_address1128,primary_address2128,primary_city128,primary_zip128,Male,30-44,Glasgow,No qualifications
p129,first_name129,last_name129,email129,mobile_number129,primary_address1129,primary_address2129,primary_city129,primary_zip129,Female,60+,Central Scotland,Level 1
p130,first_name130,last_name130,email130,mobile_number130,primary_address1130,primary_address2130,primary_city130,primary_zip130,Female,60+,Lothian,No qualifications
p131,first_name131,last_name131,email131,mobile_number131,primary_address1131,primary_address2131,primary_city131,primary_zip131,Female,30-44,South Scotland,Level 4 and above
p132,first_name132,last_name132,email132,mobile_number132,primary_address1132,primary_address2132,primary_city132,primary_zip132,Female,45-59,Central Scotland,Level 1
p133,first_name133,last_name133,email133,mobile_number133,primary_address1133,primary_address2133,primary_city133,primary_zip133,Female,45-59,Lothian,Level 2 or 3
p134,first_name134,last_name134,email134,mobile_number134,primary_address1134,primary_address2134,primary_city134,primary_zip134,Female,45-59,Lothian,Level 1
p135,first_name135,last_name135,email135,mobile_number135,primary_address1135,primary_address2135,primary_city135,primary_zip135,Female,60+,Glasgow,Level 2 or 3
p136,first_name136,last_name136,email136,mobile_number136,primary_address1136,primary_address2136,primary_city136,primary_zip136,Female,45-59,Glasgow,No qualifications
p137,first_name137,last_name137,email137,mobile_number137,primary_address1137,primary_address2137,primary_city137,primary_zip137,Male,45-59,Central Scotland,Level 2 or 3
p138,first_name138,last_name138,email138,mobile_number138,primary_address1138,primary_address2138,primary_city138,primary_zip138,Female,16-29,Glasgow,Level 2 or 3
p139,first_name139,last_name139,email139,mobile_number139,primary_address1139,primary_address2139,primary_city139,primary_zip139,Female,60+,Central Scotland,Level 4 and above
p140,first_name140,last_name140,email140,mobile_number140,primary_address1140,primary_address2140,primary_city140,primary_zip140,Female,60+,South Scotland,Level 2 or 3
p141,first_name141,last_name141,email141,mobile_number141,primary_address1141,primary_address2141,primary_city141,primary_zip141,Female,45-59,South Scotland,Level 2 or 3
p142,first_name142,last_name142,email142,mobile_number142,primary_address1142,primary_address2142,primary_city142,primary_zip142,Male,16-29,Central Scotland,Level 4 and above
p143,first_name143,last_name143,email143,mobile_number143,primary_address1143,primary_address2143,primary_city143,primary_zip143,Male,45-59,Glasgow,Level 2 or 3
p144,first_name144,last_name144,email144,mobile_number144,primary_address1144,primary_address2144,primary_city144,primary_zip144,Female,16-29,Central Scotland,Level 4 and above
p145,first_name145,last_name145,email145,mobile_number145,primary_address1145,primary_address2145,primary_city145,primary_zip145,Female,60+,Highlands and Islands,Level 1
p146,first_name146,last_name146,email146,mobile_number146,primary_address1146,primary_address2146,primary_city146,primary_zip146,Female,16-29,North East Scotland,Level 2 or 3
p147,first_name147,last_name147,email147,mobile_number147,primary_address1147,primary_address2147,primary_city147,primary_zip147,Female,60+,Highlands and Islands,No qualifications
p148,first_name148,last_name148,email148,mobile_number148,primary_address1148,primary_address2148,primary_city148,primary_zip148,Male,16-29,Mid Scotland and Fife,Level 1
p149,first_name149,last_name149,email149,mobile_number149,primary_address1149,primary_address2149,primary_city149,primary_zip149,Male,45-59,West Scotland,Level 4 and above
